Workbook

Sheet Sheet1
A1: Nº.ID | B1: Completo | C1: Apellido | D1: Nombre | E1: 2ºNombre | F1: Dirección | G1: Dirección2 | H1: Dirección3 | I1: CP | J1: Ciudad | K1: CCAA | L1: País | M1: Tfn Casa | N1: Tfn. trabajo: | O1: Móvil | P1: Email | Q1: Género | R1: F.Nac | S1: NivelIndividual | T1: NivelDobles | U1: NivelMixto | V1: Club | W1: RatingIndividual | X1: RatingDobles | Y1: RatingMixto | Z1: Admitidos | AA1: Edad
A2: 10778481 | B2: =CONCATENATE(C2,", ", D2) -> Acevedo Diaz, Victor | C2: Acevedo Diaz | D2: Victor | E2: =CONCATENATE(D2," ",C2) -> Victor Acevedo Diaz | Q2: M | R2: 30516 | AA2: =IF(ISBLANK(R2),"",((YEAR(NOW())-YEAR(R2)))) -> 41
A3: 10763937 | B3: =CONCATENATE(C3,", ", D3) -> Acuyo Osorio, Mario | C3: Acuyo Osorio | D3: Mario | E3: =CONCATENATE(D3," ",C3) -> Mario Acuyo Osorio | Q3: M | R3: 33939 | AA3: =IF(ISBLANK(R3),"",((YEAR(NOW())-YEAR(R3)))) -> 32
A4: 10771500 | B4: =CONCATENATE(C4,", ", D4) -> Adamska, Anna | C4: Adamska | D4: Anna | E4: =CONCATENATE(D4," ",C4) -> Anna Adamska | Q4: F | R4: 30909 | AA4: =IF(ISBLANK(R4),"",((YEAR(NOW())-YEAR(R4)))) -> 40
A5: 10774778 | B5: =CONCATENATE(C5,", ", D5) -> Almenar Gonzalez, Daniel | C5: Almenar Gonzalez | D5: Daniel | E5: =CONCATENATE(D5," ",C5) -> Daniel Almenar Gonzalez | Q5: M | R5: 32841 | AA5: =IF(ISBLANK(R5),"",((YEAR(NOW())-YEAR(R5)))) -> 35
A6: 13405643 | B6: =CONCATENATE(C6,", ", D6) -> Álvarez, Sara | C6: Álvarez | D6: Sara | E6: =CONCATENATE(D6," ",C6) -> Sara Álvarez | Q6: F | R6: 32011 | AA6: =IF(ISBLANK(R6),"",((YEAR(NOW())-YEAR(R6)))) -> 37
A7: 10768490 | B7: =CONCATENATE(C7,", ", D7) -> Alvarez Bolaños, Asuncion | C7: Alvarez Bolaños | D7: Asuncion | E7: =CONCATENATE(D7," ",C7) -> Asuncion Alvarez Bolaños | Q7: F | R7: 28387 | AA7: =IF(ISBLANK(R7),"",((YEAR(NOW())-YEAR(R7)))) -> 47
A8: 10134930 | B8: =CONCATENATE(C8,", ", D8) -> Alvarez Domeque, Jaime | C8: Alvarez Domeque | D8: Jaime | E8: =CONCATENATE(D8," ",C8) -> Jaime Alvarez Domeque | Q8: M | R8: 35628 | AA8: =IF(ISBLANK(R8),"",((YEAR(NOW())-YEAR(R8)))) -> 27
A9: 13005526 | B9: =CONCATENATE(C9,", ", D9) -> Alvarez Escriva, David | C9: Alvarez Escriva | D9: David | E9: =CONCATENATE(D9," ",C9) -> David Alvarez Escriva | Q9: M | R9: 36925 | AA9: =IF(ISBLANK(R9),"",((YEAR(NOW())-YEAR(R9)))) -> 23
A10: 10777615 | B10: =CONCATENATE(C10,", ", D10) -> Álvarez Iglesias, Víctor | C10: Álvarez Iglesias | D10: Víctor | E10: =CONCATENATE(D10," ",C10) -> Víctor Álvarez Iglesias | Q10: M | R10: 29797 | AA10: =IF(ISBLANK(R10),"",((YEAR(NOW())-YEAR(R10)))) -> 43
A11: 10574079 | B11: =CONCATENATE(C11,", ", D11) -> Alvarez Narros, Cristina | C11: Alvarez Narros | D11: Cristina | E11: =CONCATENATE(D11," ",C11) -> Cristina Alvarez Narros | K11: MADRID | Q11: F | U11: DX | Y11: 4.5 | AA11: =IF(ISBLANK(R11),"",((YEAR(NOW())-YEAR(R11))))
A12: 10772558 | B12: =CONCATENATE(C12,", ", D12) -> Angel Martin, Jose | C12: Angel Martin | D12: Jose | E12: =CONCATENATE(D12," ",C12) -> Jose Angel Martin | Q12: M | R12: 28324 | AA12: =IF(ISBLANK(R12),"",((YEAR(NOW())-YEAR(R12)))) -> 47
A13: 7179733 | B13: =CONCATENATE(C13,", ", D13) -> Angulo Fernández, Javier | C13: Angulo Fernández | D13: Javier | E13: =CONCATENATE(D13," ",C13) -> Javier Angulo Fernández | Q13: M | R13: 31608 | AA13: =IF(ISBLANK(R13),"",((YEAR(NOW())-YEAR(R13)))) -> 38
A14: 10768101 | B14: =CONCATENATE(C14,", ", D14) -> Ansaldo Hernandez, Pablo | C14: Ansaldo Hernandez | D14: Pablo | E14: =CONCATENATE(D14," ",C14) -> Pablo Ansaldo Hernandez | Q14: M | R14: 39792 | AA14: =IF(ISBLANK(R14),"",((YEAR(NOW())-YEAR(R14)))) -> 16
A15: T0002 | B15: =CONCATENATE(C15,", ", D15) -> Ansaldo Hernandez, Marcos | C15: Ansaldo Hernandez | D15: Marcos | E15: =CONCATENATE(D15," ",C15) -> Marcos Ansaldo Hernandez | Q15: M | AA15: =IF(ISBLANK(R15),"",((YEAR(NOW())-YEAR(R15))))
A16: 7029368 | B16: =CONCATENATE(C16,", ", D16) -> Aparicio Rivas, Enrique | C16: Aparicio Rivas | D16: Enrique | E16: =CONCATENATE(D16," ",C16) -> Enrique Aparicio Rivas | Q16: M | R16: 25861 | AA16: =IF(ISBLANK(R16),"",((YEAR(NOW())-YEAR(R16)))) -> 54
A17: T0003 | B17: =CONCATENATE(C17,", ", D17) -> Aparicio Sanchez, Enrique | C17: Aparicio Sanchez | D17: Enrique | E17: =CONCATENATE(D17," ",C17) -> Enrique Aparicio Sanchez | Q17: M | AA17: =IF(ISBLANK(R17),"",((YEAR(NOW())-YEAR(R17))))
A18: 10768581 | B18: =CONCATENATE(C18,", ", D18) -> Arias Carracedo, Maria Rosa | C18: Arias Carracedo | D18: Maria Rosa | E18: =CONCATENATE(D18," ",C18) -> Maria Rosa Arias Carracedo | Q18: F | R18: 25357 | AA18: =IF(ISBLANK(R18),"",((YEAR(NOW())-YEAR(R18)))) -> 55
A19: 16952980 | B19: =CONCATENATE(C19,", ", D19) -> Arias Gomar, Ramon | C19: Arias Gomar | D19: Ramon | E19: =CONCATENATE(D19," ",C19) -> Ramon Arias Gomar | K19: ANDALUCIA | Q19: M | S19: IM | T19: DM | W19: 5.0 | X19: 5.0 | AA19: =IF(ISBLANK(R19),"",((YEAR(NOW())-YEAR(R19))))
A20: T0061 | B20: =CONCATENATE(C20,", ", D20) -> Ariza Nuñez, Manuel | C20: Ariza Nuñez | D20: Manuel | E20: =CONCATENATE(D20," ",C20) -> Manuel Ariza Nuñez | AA20: =IF(ISBLANK(R20),"",((YEAR(NOW())-YEAR(R20))))
A21: 10770742 | B21: =CONCATENATE(C21,", ", D21) -> Badia Rambla, Carlos | C21: Badia Rambla | D21: Carlos | E21: =CONCATENATE(D21," ",C21) -> Carlos Badia Rambla | Q21: M | R21: 32230 | AA21: =IF(ISBLANK(R21),"",((YEAR(NOW())-YEAR(R21)))) -> 36
A22: T0004 | B22: =CONCATENATE(C22,", ", D22) -> Báez Clemente, Mariano | C22: Báez Clemente | D22: Mariano | E22: =CONCATENATE(D22," ",C22) -> Mariano Báez Clemente | Q22: M | AA22: =IF(ISBLANK(R22),"",((YEAR(NOW())-YEAR(R22))))
A23: 16952378 | B23: =CONCATENATE(C23,", ", D23) -> Baéz Fernández, Victor | C23: Baéz Fernández | D23: Victor | E23: =CONCATENATE(D23," ",C23) -> Victor Baéz Fernández | K23: ANDALUCIA | Q23: M | U23: DX | Y23: 4.5 | AA23: =IF(ISBLANK(R23),"",((YEAR(NOW())-YEAR(R23))))
A24: T0005 | B24: =CONCATENATE(C24,", ", D24) -> Bajo Calderón, Daniel | C24: Bajo Calderón | D24: Daniel | E24: =CONCATENATE(D24," ",C24) -> Daniel Bajo Calderón | Q24: M | AA24: =IF(ISBLANK(R24),"",((YEAR(NOW())-YEAR(R24))))
A25: 16953053 | B25: =CONCATENATE(C25,", ", D25) -> Ballesteros Aguilar, Ruben | C25: Ballesteros Aguilar | D25: Ruben | E25: =CONCATENATE(D25," ",C25) -> Ruben Ballesteros Aguilar | K25: ANDALUCIA | Q25: M | U25: DX | Y25: 4.5 | AA25: =IF(ISBLANK(R25),"",((YEAR(NOW())-YEAR(R25))))
A26: 10772920 | B26: =CONCATENATE(C26,", ", D26) -> Barbero, Lorena | C26: Barbero | D26: Lorena | E26: =CONCATENATE(D26," ",C26) -> Lorena Barbero | Q26: F | R26: 30285 | AA26: =IF(ISBLANK(R26),"",((YEAR(NOW())-YEAR(R26)))) -> 42
A27: 10778837 | B27: =CONCATENATE(C27,", ", D27) -> Barbero, Jose | C27: Barbero | D27: Jose | E27: =CONCATENATE(D27," ",C27) -> Jose Barbero | Q27: M | R27: 26726 | AA27: =IF(ISBLANK(R27),"",((YEAR(NOW())-YEAR(R27)))) -> 51
A28: T0006 | B28: =CONCATENATE(C28,", ", D28) -> Baudet Vera, Rafael | C28: Baudet Vera | D28: Rafael | E28: =CONCATENATE(D28," ",C28) -> Rafael Baudet Vera | Q28: M | AA28: =IF(ISBLANK(R28),"",((YEAR(NOW())-YEAR(R28))))
A29: 5819521 | B29: =CONCATENATE(C29,", ", D29) -> Beltran Molina, Julia | C29: Beltran Molina | D29: Julia | E29: =CONCATENATE(D29," ",C29) -> Julia Beltran Molina | Q29: F | R29: 34548 | AA29: =IF(ISBLANK(R29),"",((YEAR(NOW())-YEAR(R29)))) -> 30
A30: 10765602 | B30: =CONCATENATE(C30,", ", D30) -> Benito Ludeña, José Luis | C30: Benito Ludeña | D30: José Luis | E30: =CONCATENATE(D30," ",C30) -> José Luis Benito Ludeña | Q30: M | R30: 22083 | AA30: =IF(ISBLANK(R30),"",((YEAR(NOW())-YEAR(R30)))) -> 64
A31: 10110146 | B31: =CONCATENATE(C31,", ", D31) -> Bergareche Sans, Borja | C31: Bergareche Sans | D31: Borja | E31: =CONCATENATE(D31," ",C31) -> Borja Bergareche Sans | Q31: M | R31: 31037 | AA31: =IF(ISBLANK(R31),"",((YEAR(NOW())-YEAR(R31)))) -> 40
A32: 10602250 | B32: =CONCATENATE(C32,", ", D32) -> Bermudo Mera, Juan | C32: Bermudo Mera | D32: Juan | E32: =CONCATENATE(D32," ",C32) -> Juan Bermudo Mera | Q32: M | R32: 34134 | AA32: =IF(ISBLANK(R32),"",((YEAR(NOW())-YEAR(R32)))) -> 31
A33: 10574095 | B33: =CONCATENATE(C33,", ", D33) -> Bilbao Areitio, Beatriz | C33: Bilbao Areitio | D33: Beatriz | E33: =CONCATENATE(D33," ",C33) -> Beatriz Bilbao Areitio | Q33: F | R33: 35388 | AA33: =IF(ISBLANK(R33),"",((YEAR(NOW())-YEAR(R33)))) -> 28
A34: 10767418 | B34: =CONCATENATE(C34,", ", D34) -> Bitaine , Alex | C34: Bitaine | D34: Alex | E34: =CONCATENATE(D34," ",C34) -> Alex Bitaine | K34: MADRID | Q34: F | S34: IF | T34: DF | U34: DX | W34: 4.5 | X34: 4.5 | Y34: 4.5 | AA34: =IF(ISBLANK(R34),"",((YEAR(NOW())-YEAR(R34))))
A35: 10081610 | B35: =CONCATENATE(C35,", ", D35) -> Bitan Georget, Federico | C35: Bitan Georget | D35: Federico | E35: =CONCATENATE(D35," ",C35) -> Federico Bitan Georget | Q35: M | R35: 25791 | AA35: =IF(ISBLANK(R35),"",((YEAR(NOW())-YEAR(R35)))) -> 54
A36: 10765983 | B36: =CONCATENATE(C36,", ", D36) -> Blanco Acedo, Francisco Javier | C36: Blanco Acedo | D36: Francisco Javier | E36: =CONCATENATE(D36," ",C36) -> Francisco Javier Blanco Acedo | K36: MADRID | Q36: M | U36: DX | Y36: 4.5 | AA36: =IF(ISBLANK(R36),"",((YEAR(NOW())-YEAR(R36))))
A37: 16952906 | B37: =CONCATENATE(C37,", ", D37) -> Blanco Assanelli, Vanesa Noelia | C37: Blanco Assanelli | D37: Vanesa Noelia | E37: =CONCATENATE(D37," ",C37) -> Vanesa Noelia Blanco Assanelli | K37: ANDALUCIA | Q37: F | T37: DF | U37: DX | X37: 4.5 | Y37: 4.5 | AA37: =IF(ISBLANK(R37),"",((YEAR(NOW())-YEAR(R37))))
A38: 10771237 | B38: =CONCATENATE(C38,", ", D38) -> Bravo Muro, Raul | C38: Bravo Muro | D38: Raul | E38: =CONCATENATE(D38," ",C38) -> Raul Bravo Muro | Q38: M | R38: 28688 | AA38: =IF(ISBLANK(R38),"",((YEAR(NOW())-YEAR(R38)))) -> 46
A39: 10773150 | B39: =CONCATENATE(C39,", ", D39) -> Bueno, Marisa | C39: Bueno | D39: Marisa | E39: =CONCATENATE(D39," ",C39) -> Marisa Bueno | Q39: F | R39: 25515 | AA39: =IF(ISBLANK(R39),"",((YEAR(NOW())-YEAR(R39)))) -> 55
A40: 10640755 | B40: =CONCATENATE(C40,", ", D40) -> Calvo Lopez, Valeria | C40: Calvo Lopez | D40: Valeria | E40: =CONCATENATE(D40," ",C40) -> Valeria Calvo Lopez | Q40: F | R40: 41241 | AA40: =IF(ISBLANK(R40),"",((YEAR(NOW())-YEAR(R40)))) -> 12
A41: 14043335 | B41: =CONCATENATE(C41,", ", D41) -> Camara Camara, Pedro | C41: Camara Camara | D41: Pedro | E41: =CONCATENATE(D41," ",C41) -> Pedro Camara Camara | Q41: M | R41: 37679 | AA41: =IF(ISBLANK(R41),"",((YEAR(NOW())-YEAR(R41)))) -> 21
A42: T0008 | B42: =CONCATENATE(C42,", ", D42) -> Campillo, Joel | C42: Campillo | D42: Joel | E42: =CONCATENATE(D42," ",C42) -> Joel Campillo | Q42: M | AA42: =IF(ISBLANK(R42),"",((YEAR(NOW())-YEAR(R42))))
A43: 10768044 | B43: =CONCATENATE(C43,", ", D43) -> Campoy Rodriguez, Jose Agustín | C43: Campoy Rodriguez | D43: Jose Agustín | E43: =CONCATENATE(D43," ",C43) -> Jose Agustín Campoy Rodriguez | Q43: M | R43: 23148 | AA43: =IF(ISBLANK(R43),"",((YEAR(NOW())-YEAR(R43)))) -> 61
A44: 6836467 | B44: =CONCATENATE(C44,", ", D44) -> Canyadell Fabregas, Pep | C44: Canyadell Fabregas | D44: Pep | E44: =CONCATENATE(D44," ",C44) -> Pep Canyadell Fabregas | K44: CATALUÑA | Q44: M | S44: IM | T44: DM | U44: DX | W44: 5.0 | X44: 5.0 | Y44: 5.0 | AA44: =IF(ISBLANK(R44),"",((YEAR(NOW())-YEAR(R44))))
A45: 11857763 | B45: =CONCATENATE(C45,", ", D45) -> Capobianco Teran, Veronica | C45: Capobianco Teran | D45: Veronica | E45: =CONCATENATE(D45," ",C45) -> Veronica Capobianco Teran | K45: CATALUÑA | Q45: F | T45: DF | U45: DX | X45: 4.5 | Y45: 4.5 | AA45: =IF(ISBLANK(R45),"",((YEAR(NOW())-YEAR(R45))))
A46: 10770677 | B46: =CONCATENATE(C46,", ", D46) -> Carabias Muñoz, Roberto | C46: Carabias Muñoz | D46: Roberto | E46: =CONCATENATE(D46," ",C46) -> Roberto Carabias Muñoz | Q46: M | R46: 32883 | AA46: =IF(ISBLANK(R46),"",((YEAR(NOW())-YEAR(R46)))) -> 34
A47: 10768185 | B47: =CONCATENATE(C47,", ", D47) -> Cardenas Santa, Ernesto | C47: Cardenas Santa | D47: Ernesto | E47: =CONCATENATE(D47," ",C47) -> Ernesto Cardenas Santa | Q47: M | S47: IM | T47: DM | U47: DX | W47: 5.0 | X47: 5.0 | Y47: 5.0 | AA47: =IF(ISBLANK(R47),"",((YEAR(NOW())-YEAR(R47))))
A48: 10768911 | B48: =CONCATENATE(C48,", ", D48) -> Cardo Rodriguez, Rocio | C48: Cardo Rodriguez | D48: Rocio | E48: =CONCATENATE(D48," ",C48) -> Rocio Cardo Rodriguez | K48: MADRID | Q48: F | R48: 32449 | S48: IF | T48: DF | U48: DX | W48: 5.0 | X48: 5.0 | Y48: 5.0 | AA48: =IF(ISBLANK(R48),"",((YEAR(NOW())-YEAR(R48)))) -> 36
A49: 10058320 | B49: =CONCATENATE(C49,", ", D49) -> Cartagena, Carlota | C49: Cartagena | D49: Carlota | E49: =CONCATENATE(D49," ",C49) -> Carlota Cartagena | K49: MADRID | Q49: F | R49: 35899 | S49: IF | T49: DF | W49: 4.5 | AA49: =IF(ISBLANK(R49),"",((YEAR(NOW())-YEAR(R49)))) -> 26
A50: 10768664 | B50: =CONCATENATE(C50,", ", D50) -> Caruso Lopez, Domenec Antonio | C50: Caruso Lopez | D50: Domenec Antonio | E50: =CONCATENATE(D50," ",C50) -> Domenec Antonio Caruso Lopez | Q50: M | R50: 33128 | AA50: =IF(ISBLANK(R50),"",((YEAR(NOW())-YEAR(R50)))) -> 34
A51: 16952360 | B51: =CONCATENATE(C51,", ", D51) -> Casquero Herrero, Antonio | C51: Casquero Herrero | D51: Antonio | E51: =CONCATENATE(D51," ",C51) -> Antonio Casquero Herrero | K51: ANDALUCIA | Q51: M | S51: IM | T51: DM | W51: 5.0 | X51: 5.0 | AA51: =IF(ISBLANK(R51),"",((YEAR(NOW())-YEAR(R51))))
A52: 11855626 | B52: =CONCATENATE(C52,", ", D52) -> Castells Carbonell, Anna | C52: Castells Carbonell | D52: Anna | E52: =CONCATENATE(D52," ",C52) -> Anna Castells Carbonell | K52: CATALUÑA | Q52: F | S52: IF | T52: DF | W52: 3.5 | AA52: =IF(ISBLANK(R52),"",((YEAR(NOW())-YEAR(R52))))
A53: 10771584 | B53: =CONCATENATE(C53,", ", D53) -> Castillo Erustes, Teresa | C53: Castillo Erustes | D53: Teresa | E53: =CONCATENATE(D53," ",C53) -> Teresa Castillo Erustes | Q53: F | R53: 36626 | AA53: =IF(ISBLANK(R53),"",((YEAR(NOW())-YEAR(R53)))) -> 24
A54: 10042042 | B54: =CONCATENATE(C54,", ", D54) -> Castrillo Reizábal, Zótico | C54: Castrillo Reizábal | D54: Zótico | E54: =CONCATENATE(D54," ",C54) -> Zótico Castrillo Reizábal | Q54: M | R54: 19562 | AA54: =IF(ISBLANK(R54),"",((YEAR(NOW())-YEAR(R54)))) -> 71
A55: 10530089 | B55: =CONCATENATE(C55,", ", D55) -> Castrillo Zamora, Patricia | C55: Castrillo Zamora | D55: Patricia | E55: =CONCATENATE(D55," ",C55) -> Patricia Castrillo Zamora | K55: MADRID | Q55: F | T55: DF | U55: DX | X55: 5.0 | Y55: 5.0 | AA55: =IF(ISBLANK(R55),"",((YEAR(NOW())-YEAR(R55))))
A56: 10778738 | B56: =CONCATENATE(C56,", ", D56) -> Catalán De La Iglesia, Jose | C56: Catalán De La Iglesia | D56: Jose | E56: =CONCATENATE(D56," ",C56) -> Jose Catalán De La Iglesia | Q56: M | R56: 32578 | AA56: =IF(ISBLANK(R56),"",((YEAR(NOW())-YEAR(R56)))) -> 35
A57: 11855501 | B57: =CONCATENATE(C57,", ", D57) -> Caymel Romero, Claudia | C57: Caymel Romero | D57: Claudia | E57: =CONCATENATE(D57," ",C57) -> Claudia Caymel Romero | K57: CATALUÑA | Q57: F | S57: IF | T57: DF | U57: DX | W57: 5.0 | X57: 5.0 | Y57: 5.0 | AA57: =IF(ISBLANK(R57),"",((YEAR(NOW())-YEAR(R57))))
A58: 11855642 | B58: =CONCATENATE(C58,", ", D58) -> Caymel Romero, Marc | C58: Caymel Romero | D58: Marc | E58: =CONCATENATE(D58," ",C58) -> Marc Caymel Romero | K58: CATALUÑA | Q58: M | S58: IM | T58: DM | U58: DX | W58: 5.0 | X58: 5.0 | Y58: 5.0 | AA58: =IF(ISBLANK(R58),"",((YEAR(NOW())-YEAR(R58))))
A59: T0062 | B59: =CONCATENATE(C59,", ", D59) -> Chichon, David | C59: Chichon | D59: David | E59: =CONCATENATE(D59," ",C59) -> David Chichon | AA59: =IF(ISBLANK(R59),"",((YEAR(NOW())-YEAR(R59))))
A60: 8318942 | B60: =CONCATENATE(C60,", ", D60) -> Chumillas Lidón, Sara | C60: Chumillas Lidón | D60: Sara | E60: =CONCATENATE(D60," ",C60) -> Sara Chumillas Lidón | K60: MADRID | Q60: F | S60: IF | T60: DF | U60: DX | W60: 5.0 | X60: 5.0 | Y60: 5.0 | AA60: =IF(ISBLANK(R60),"",((YEAR(NOW())-YEAR(R60))))
A61: 10770510 | B61: =CONCATENATE(C61,", ", D61) -> Coggins Núñez, Daniel | C61: Coggins Núñez | D61: Daniel | E61: =CONCATENATE(D61," ",C61) -> Daniel Coggins Núñez | Q61: M | R61: 33256 | AA61: =IF(ISBLANK(R61),"",((YEAR(NOW())-YEAR(R61)))) -> 33
A62: 10771831 | B62: =CONCATENATE(C62,", ", D62) -> Cordero, M.Elena | C62: Cordero | D62: M.Elena | E62: =CONCATENATE(D62," ",C62) -> M.Elena Cordero | Q62: F | R62: 26204 | AA62: =IF(ISBLANK(R62),"",((YEAR(NOW())-YEAR(R62)))) -> 53
A63: 10766303 | B63: =CONCATENATE(C63,", ", D63) -> Cortes Barrio, Jose Maria | C63: Cortes Barrio | D63: Jose Maria | E63: =CONCATENATE(D63," ",C63) -> Jose Maria Cortes Barrio | K63: MADRID | Q63: M | U63: DX | Y63: 4.5 | AA63: =IF(ISBLANK(R63),"",((YEAR(NOW())-YEAR(R63))))
A64: 10770669 | B64: =CONCATENATE(C64,", ", D64) -> Cristobal Bermejo, Jose Antonio | C64: Cristobal Bermejo | D64: Jose Antonio | E64: =CONCATENATE(D64," ",C64) -> Jose Antonio Cristobal Bermejo | Q64: M | R64: 19734 | AA64: =IF(ISBLANK(R64),"",((YEAR(NOW())-YEAR(R64)))) -> 70
A65: T0009 | B65: =CONCATENATE(C65,", ", D65) -> Cuadrado Vives, Carmen | C65: Cuadrado Vives | D65: Carmen | E65: =CONCATENATE(D65," ",C65) -> Carmen Cuadrado Vives | Q65: F | AA65: =IF(ISBLANK(R65),"",((YEAR(NOW())-YEAR(R65))))
A66: T0010 | B66: =CONCATENATE(C66,", ", D66) -> Cuadros, Ivan | C66: Cuadros | D66: Ivan | E66: =CONCATENATE(D66," ",C66) -> Ivan Cuadros | Q66: M | AA66: =IF(ISBLANK(R66),"",((YEAR(NOW())-YEAR(R66))))
A67: 16307672 | B67: =CONCATENATE(C67,", ", D67) -> Cuadros Joglar, Ivan | C67: Cuadros Joglar | D67: Ivan | E67: =CONCATENATE(D67," ",C67) -> Ivan Cuadros Joglar | Q67: M | S67: IM | T67: DM | W67: 5.0 | X67: 5.0 | AA67: =IF(ISBLANK(R67),"",((YEAR(NOW())-YEAR(R67))))
A68: 10778209 | B68: =CONCATENATE(C68,", ", D68) -> Davila Alcala, Laura | C68: Davila Alcala | D68: Laura | E68: =CONCATENATE(D68," ",C68) -> Laura Davila Alcala | Q68: F | R68: 28273 | AA68: =IF(ISBLANK(R68),"",((YEAR(NOW())-YEAR(R68)))) -> 47
A69: T0011 | B69: =CONCATENATE(C69,", ", D69) -> De Dorremochea Zaldivar, Blanca | C69: De Dorremochea Zaldivar | D69: Blanca | E69: =CONCATENATE(D69," ",C69) -> Blanca De Dorremochea Zaldivar | Q69: F | AA69: =IF(ISBLANK(R69),"",((YEAR(NOW())-YEAR(R69))))
A70: 10782846 | B70: =CONCATENATE(C70,", ", D70) -> De Francisco Rus, Álvaro | C70: De Francisco Rus | D70: Álvaro | E70: =CONCATENATE(D70," ",C70) -> Álvaro De Francisco Rus | Q70: M | R70: 32431 | AA70: =IF(ISBLANK(R70),"",((YEAR(NOW())-YEAR(R70)))) -> 36
A71: 10772871 | B71: =CONCATENATE(C71,", ", D71) -> De La Iglesia López, Javier | C71: De La Iglesia López | D71: Javier | E71: =CONCATENATE(D71," ",C71) -> Javier De La Iglesia López | Q71: M | R71: 22312 | AA71: =IF(ISBLANK(R71),"",((YEAR(NOW())-YEAR(R71)))) -> 63
A72: T0012 | B72: =CONCATENATE(C72,", ", D72) -> De La Muela, Raul | C72: De La Muela | D72: Raul | E72: =CONCATENATE(D72," ",C72) -> Raul De La Muela | Q72: M | AA72: =IF(ISBLANK(R72),"",((YEAR(NOW())-YEAR(R72))))
A73: 10767153 | B73: =CONCATENATE(C73,", ", D73) -> De Marcos Del Pozo, Francisco Javier | C73: De Marcos Del Pozo | D73: Francisco Javier | E73: =CONCATENATE(D73," ",C73) -> Francisco Javier De Marcos Del Pozo | K73: MADRID | Q73: M | R73: 31848 | U73: DX | Y73: 4.5 | AA73: =IF(ISBLANK(R73),"",((YEAR(NOW())-YEAR(R73)))) -> 37
A74: 10768804 | B74: =CONCATENATE(C74,", ", D74) -> De Miguel Gonzalez, Maria | C74: De Miguel Gonzalez | D74: Maria | E74: =CONCATENATE(D74," ",C74) -> Maria De Miguel Gonzalez | K74: MADRID | Q74: F | R74: 31433 | S74: IF | T74: DF | W74: 4.5 | AA74: =IF(ISBLANK(R74),"",((YEAR(NOW())-YEAR(R74)))) -> 38
A75: 6723903 | B75: =CONCATENATE(C75,", ", D75) -> De Rueda De Genover, Ignasi | C75: De Rueda De Genover | D75: Ignasi | E75: =CONCATENATE(D75," ",C75) -> Ignasi De Rueda De Genover | K75: CATALUÑA | Q75: M | S75: IM | T75: DM | U75: DX | W75: 5.0 | X75: 5.0 | Y75: 5.0 | AA75: =IF(ISBLANK(R75),"",((YEAR(NOW())-YEAR(R75))))
A76: 10785501 | B76: =CONCATENATE(C76,", ", D76) -> De Torres, Gonzalo | C76: De Torres | D76: Gonzalo | E76: =CONCATENATE(D76," ",C76) -> Gonzalo De Torres | Q76: M | R76: 32685 | AA76: =IF(ISBLANK(R76),"",((YEAR(NOW())-YEAR(R76)))) -> 35
A77: T0013 | B77: =CONCATENATE(C77,", ", D77) -> Del Pozo, Sonia | C77: Del Pozo | D77: Sonia | E77: =CONCATENATE(D77," ",C77) -> Sonia Del Pozo | Q77: F | AA77: =IF(ISBLANK(R77),"",((YEAR(NOW())-YEAR(R77))))
A78: T0063 | B78: =CONCATENATE(C78,", ", D78) -> Delgado, Marcos | C78: Delgado | D78: Marcos | E78: =CONCATENATE(D78," ",C78) -> Marcos Delgado | AA78: =IF(ISBLANK(R78),"",((YEAR(NOW())-YEAR(R78))))
A79: T0014 | B79: =CONCATENATE(C79,", ", D79) -> Derbis, Nerea | C79: Derbis | D79: Nerea | E79: =CONCATENATE(D79," ",C79) -> Nerea Derbis | Q79: F | AA79: =IF(ISBLANK(R79),"",((YEAR(NOW())-YEAR(R79))))
A80: 10769042 | B80: =CONCATENATE(C80,", ", D80) -> Derbis , Nerea | C80: Derbis | D80: Nerea | E80: =CONCATENATE(D80," ",C80) -> Nerea Derbis | K80: MADRID | Q80: F | S80: IF | T80: DF | U80: DX | W80: 5.0 | X80: 5.0 | Y80: 5.0 | AA80: =IF(ISBLANK(R80),"",((YEAR(NOW())-YEAR(R80))))
A81: 16307820 | B81: =CONCATENATE(C81,", ", D81) -> Díaz Ibáñez, Sergio | C81: Díaz Ibáñez | D81: Sergio | E81: =CONCATENATE(D81," ",C81) -> Sergio Díaz Ibáñez | K81: CEUTA | Q81: M | R81: 34517 | S81: IM | T81: DM | W81: 5.0 | X81: 5.0 | AA81: =IF(ISBLANK(R81),"",((YEAR(NOW())-YEAR(R81)))) -> 30
A82: T0015 | B82: =CONCATENATE(C82,", ", D82) -> Diaz Navas, Ramon | C82: Diaz Navas | D82: Ramon | E82: =CONCATENATE(D82," ",C82) -> Ramon Diaz Navas | Q82: M | AA82: =IF(ISBLANK(R82),"",((YEAR(NOW())-YEAR(R82))))
A83: 10770643 | B83: =CONCATENATE(C83,", ", D83) -> Doiztúa Calero, Pilar | C83: Doiztúa Calero | D83: Pilar | E83: =CONCATENATE(D83," ",C83) -> Pilar Doiztúa Calero | Q83: F | R83: 23450 | AA83: =IF(ISBLANK(R83),"",((YEAR(NOW())-YEAR(R83)))) -> 60
A84: 11087344 | B84: =CONCATENATE(C84,", ", D84) -> Dominguez Luna, Sheila | C84: Dominguez Luna | D84: Sheila | E84: =CONCATENATE(D84," ",C84) -> Sheila Dominguez Luna | K84: CATALUÑA | Q84: F | S84: IF | W84: 3.5 | AA84: =IF(ISBLANK(R84),"",((YEAR(NOW())-YEAR(R84))))
A85: 11855882 | B85: =CONCATENATE(C85,", ", D85) -> Dominguez Luna, Sheila | C85: Dominguez Luna | D85: Sheila | E85: =CONCATENATE(D85," ",C85) -> Sheila Dominguez Luna | K85: CATALUÑA | Q85: F | T85: DF | U85: DX | X85: 5.0 | Y85: 5.0 | AA85: =IF(ISBLANK(R85),"",((YEAR(NOW())-YEAR(R85))))
A86: 10770495 | B86: =CONCATENATE(C86,", ", D86) -> Errejon Perez, Carmen | C86: Errejon Perez | D86: Carmen | E86: =CONCATENATE(D86," ",C86) -> Carmen Errejon Perez | Q86: F | R86: 24706 | AA86: =IF(ISBLANK(R86),"",((YEAR(NOW())-YEAR(R86)))) -> 57
A87: T0016 | B87: =CONCATENATE(C87,", ", D87) -> Escolano, Consuelo | C87: Escolano | D87: Consuelo | E87: =CONCATENATE(D87," ",C87) -> Consuelo Escolano | Q87: F | AA87: =IF(ISBLANK(R87),"",((YEAR(NOW())-YEAR(R87))))
A88: 10772524 | B88: =CONCATENATE(C88,", ", D88) -> Espinosa, Juan Antonio | C88: Espinosa | D88: Juan Antonio | E88: =CONCATENATE(D88," ",C88) -> Juan Antonio Espinosa | Q88: M | R88: 35514 | AA88: =IF(ISBLANK(R88),"",((YEAR(NOW())-YEAR(R88)))) -> 27
A89: T0017 | B89: =CONCATENATE(C89,", ", D89) -> Espinosa Sedano, Mario | C89: Espinosa Sedano | D89: Mario | E89: =CONCATENATE(D89," ",C89) -> Mario Espinosa Sedano | Q89: M | AA89: =IF(ISBLANK(R89),"",((YEAR(NOW())-YEAR(R89))))
A90: T0018 | B90: =CONCATENATE(C90,", ", D90) -> Fernandez, Jose Luis | C90: Fernandez | D90: Jose Luis | E90: =CONCATENATE(D90," ",C90) -> Jose Luis Fernandez | Q90: M | AA90: =IF(ISBLANK(R90),"",((YEAR(NOW())-YEAR(R90))))
A91: 10767426 | B91: =CONCATENATE(C91,", ", D91) -> Fernandez Arevalo, Jose Luis | C91: Fernandez Arevalo | D91: Jose Luis | E91: =CONCATENATE(D91," ",C91) -> Jose Luis Fernandez Arevalo | Q91: M | R91: 28942 | AA91: =IF(ISBLANK(R91),"",((YEAR(NOW())-YEAR(R91)))) -> 45
A92: 10772821 | B92: =CONCATENATE(C92,", ", D92) -> Fernandez Garcia, Jose | C92: Fernandez Garcia | D92: Jose | E92: =CONCATENATE(D92," ",C92) -> Jose Fernandez Garcia | Q92: M | R92: 24089 | AA92: =IF(ISBLANK(R92),"",((YEAR(NOW())-YEAR(R92)))) -> 59
A93: 10777855 | B93: =CONCATENATE(C93,", ", D93) -> Fernández Rebollo, Sergio | C93: Fernández Rebollo | D93: Sergio | E93: =CONCATENATE(D93," ",C93) -> Sergio Fernández Rebollo | Q93: M | R93: 33508 | AA93: =IF(ISBLANK(R93),"",((YEAR(NOW())-YEAR(R93)))) -> 33
A94: T0019 | B94: =CONCATENATE(C94,", ", D94) -> Fernández Salvador, Rosa | C94: Fernández Salvador | D94: Rosa | E94: =CONCATENATE(D94," ",C94) -> Rosa Fernández Salvador | Q94: F | AA94: =IF(ISBLANK(R94),"",((YEAR(NOW())-YEAR(R94))))
A95: T0020 | B95: =CONCATENATE(C95,", ", D95) -> Ferrando, Rosa | C95: Ferrando | D95: Rosa | E95: =CONCATENATE(D95," ",C95) -> Rosa Ferrando | Q95: F | AA95: =IF(ISBLANK(R95),"",((YEAR(NOW())-YEAR(R95))))
A96: 11856046 | B96: =CONCATENATE(C96,", ", D96) -> Ferrer Ramon, Marta | C96: Ferrer Ramon | D96: Marta | E96: =CONCATENATE(D96," ",C96) -> Marta Ferrer Ramon | K96: CATALUÑA | Q96: F | S96: IF | T96: DF | W96: 3.5 | AA96: =IF(ISBLANK(R96),"",((YEAR(NOW())-YEAR(R96))))
A97: 10767161 | B97: =CONCATENATE(C97,", ", D97) -> Fierro Gonzalez, Monica | C97: Fierro Gonzalez | D97: Monica | E97: =CONCATENATE(D97," ",C97) -> Monica Fierro Gonzalez | K97: MADRID | Q97: F | U97: DX | Y97: 4.5 | AA97: =IF(ISBLANK(R97),"",((YEAR(NOW())-YEAR(R97))))
A98: 10770627 | B98: =CONCATENATE(C98,", ", D98) -> Flores Doblas, Marcos | C98: Flores Doblas | D98: Marcos | E98: =CONCATENATE(D98," ",C98) -> Marcos Flores Doblas | Q98: M | R98: 38167 | AA98: =IF(ISBLANK(R98),"",((YEAR(NOW())-YEAR(R98)))) -> 20
A99: 10623024 | B99: =CONCATENATE(C99,", ", D99) -> Fraile Villanueva, Iñaki | C99: Fraile Villanueva | D99: Iñaki | E99: =CONCATENATE(D99," ",C99) -> Iñaki Fraile Villanueva | Q99: M | R99: 29710 | AA99: =IF(ISBLANK(R99),"",((YEAR(NOW())-YEAR(R99)))) -> 43
A100: 10768630 | B100: =CONCATENATE(C100,", ", D100) -> Frances Arnau, Enrique | C100: Frances Arnau | D100: Enrique | E100: =CONCATENATE(D100," ",C100) -> Enrique Frances Arnau | Q100: M | R100: 27540 | AA100: =IF(ISBLANK(R100),"",((YEAR(NOW())-YEAR(R100)))) -> 49
...

Sheet Master Final Madrid 2024
A1: Nº.ID | B1: Completo | C1: Apellido | D1: Nombre | E1: 2ºNombre | F1: Dirección | G1: Dirección2 | H1: Dirección3 | I1: CP | J1: Ciudad | K1: CCAA | L1: País | M1: Tfn Casa | N1: Tfn. trabajo: | O1: Móvil | P1: Email | Q1: Género | R1: F.Nac | S1: NivelIndividual | T1: NivelDobles | U1: NivelMixto | V1: Club | W1: RatingIndividual | X1: RatingDobles | Y1: RatingMixto | Z1: Admitidos | AA1: Edad
A2: 10768466 | B2: Paiva Jardim, Marcello | C2: Paiva Jardim | D2: Marcello | E2: Marcello Paiva Jardim | K2: MADRID | Q2: M | S2: IM | T2: DM | U2: DX | W2: 5.0 | X2: 5.0 | Y2: 5.0
A3: 10767319 | B3: Illescas Cases, David | C3: Illescas Cases | D3: David | E3: David Illescas Cases | K3: MADRID | Q3: M | S3: IM | T3: DM | U3: DX | W3: 5.0 | X3: 5.0 | Y3: 5.0
A4: 6836467 | B4: Canyadell Fabregas, Pep | C4: Canyadell Fabregas | D4: Pep | E4: Pep Canyadell Fabregas | K4: CATALUÑA | Q4: M | S4: IM | T4: DM | U4: DX | W4: 5.0 | X4: 5.0 | Y4: 5.0
A5: 16952360 | B5: Casquero Herrero, Antonio | C5: Casquero Herrero | D5: Antonio | E5: Antonio Casquero Herrero | K5: ANDALUCIA | Q5: M | S5: IM | T5: DM | W5: 5.0 | X5: 5.0
A6: 13464954 | B6: Marcos López, Vicente | C6: Marcos López | D6: Vicente | E6: Vicente Marcos López | K6: C. VALENCIA | Q6: M | S6: IM | T6: DM | U6: DX | W6: 5.0 | X6: 5.0 | Y6: 5.0
A7: 16307820 | B7: Díaz Ibáñez, Sergio | C7: Díaz Ibáñez | D7: Sergio | E7: Sergio Díaz Ibáñez | K7: CEUTA | Q7: M | R7: 34517 | S7: IM | T7: DM | W7: 5.0 | X7: 5.0 | AA7: 30
A8: 16952980 | B8: Arias Gomar, Ramon | C8: Arias Gomar | D8: Ramon | E8: Ramon Arias Gomar | K8: ANDALUCIA | Q8: M | S8: IM | T8: DM | W8: 5.0 | X8: 5.0
A9: 6723903 | B9: De Rueda De Genover, Ignasi | C9: De Rueda De Genover | D9: Ignasi | E9: Ignasi De Rueda De Genover | K9: CATALUÑA | Q9: M | S9: IM | T9: DM | U9: DX | W9: 5.0 | X9: 5.0 | Y9: 5.0
A10: 16937065 | B10: Pereira de Mattos, Domini Elias | C10: Pereira de Mattos | D10: Domini Elias | E10: Domini Elias Pereira de Mattos | K10: ANDALUCIA | Q10: M | S10: IM | T10: DM | U10: DX | W10: 5.0 | X10: 5.0 | Y10: 5.0
A11: 11855642 | B11: Caymel Romero, Marc | C11: Caymel Romero | D11: Marc | E11: Marc Caymel Romero | K11: CATALUÑA | Q11: M | S11: IM | T11: DM | U11: DX | W11: 5.0 | X11: 5.0 | Y11: 5.0
A12: 10768565 | B12: Ruiz Calvo, Javier | C12: Ruiz Calvo | D12: Javier | E12: Javier Ruiz Calvo | K12: MADRID | Q12: M | R12: 30209 | S12: IM | T12: DM | U12: DX | W12: 5.0 | X12: 5.0 | Y12: 5.0 | AA12: 42
A13: 10768929 | B13: Vega Gutierrez, Daniel | C13: Vega Gutierrez | D13: Daniel | E13: Daniel Vega Gutierrez | K13: MADRID | Q13: M | S13: IM | T13: DM | W13: 5.0
A14: 13465308 | B14: Lillo Pellies, Sergio | C14: Lillo Pellies | D14: Sergio | E14: Sergio Lillo Pellies | K14: C. VALENCIA | Q14: M | S14: IM | T14: DM | W14: 5.0 | X14: 5.0
A15: 10768523 | B15: Horcajuelo Vicente, Alberto | C15: Horcajuelo Vicente | D15: Alberto | E15: Alberto Horcajuelo Vicente | K15: MADRID | Q15: M | S15: IM | T15: DM | W15: 5.0 | X15: 5.0
A16: 7404007 | B16: Lopez Gomez, Miguel | C16: Lopez Gomez | D16: Miguel | E16: Miguel Lopez Gomez | K16: MADRID | Q16: M | R16: 34605 | S16: IM | T16: DM | U16: DX | W16: 5.0 | X16: 5.0 | Y16: 4.5 | AA16: 30
A17: 3039890 | B17: Martinez Santonja, Esteban | C17: Martinez Santonja | D17: Esteban | E17: Esteban Martinez Santonja | K17: C. VALENCIA | Q17: M | S17: IM | T17: DM | W17: 5.0 | X17: 5.0
A18: 7238183 | B18: Mendez Dominguez, Sabrina | C18: Mendez Dominguez | D18: Sabrina | E18: Sabrina Mendez Dominguez | K18: MADRID | Q18: F | S18: IF | T18: DF | U18: DX | W18: 5.0 | X18: 5.0 | Y18: 5.0
A19: 10769042 | B19: Derbis , Nerea | C19: Derbis | D19: Nerea | E19: Nerea Derbis | K19: MADRID | Q19: F | S19: IF | T19: DF | U19: DX | W19: 5.0 | X19: 5.0 | Y19: 5.0
A20: 8318942 | B20: Chumillas Lidón, Sara | C20: Chumillas Lidón | D20: Sara | E20: Sara Chumillas Lidón | K20: MADRID | Q20: F | S20: IF | T20: DF | U20: DX | W20: 5.0 | X20: 5.0 | Y20: 5.0
A21: 10768911 | B21: Cardo Rodriguez, Rocio | C21: Cardo Rodriguez | D21: Rocio | E21: Rocio Cardo Rodriguez | K21: MADRID | Q21: F | R21: 32449 | S21: IF | T21: DF | U21: DX | W21: 5.0 | X21: 5.0 | Y21: 5.0 | AA21: 36
A22: 11855501 | B22: Caymel Romero, Claudia | C22: Caymel Romero | D22: Claudia | E22: Claudia Caymel Romero | K22: CATALUÑA | Q22: F | S22: IF | T22: DF | U22: DX | W22: 5.0 | X22: 5.0 | Y22: 5.0
A23: 10768078 | B23: Vazquez Ranz, Karina | C23: Vazquez Ranz | D23: Karina | E23: Karina Vazquez Ranz | K23: MADRID | Q23: F | S23: IF | T23: DF | U23: DX | W23: 5.0 | Y23: 5.0
A24: 9573397 | B24: García Álvarez, Alicia | C24: García Álvarez | D24: Alicia | E24: Alicia García Álvarez | K24: ANDALUCIA | Q24: F | S24: IF | T24: DF | U24: DX | W24: 4.5 | X24: 4.5 | Y24: 4.5
A25: 16951726 | B25: Millon Soto, Celia | C25: Millon Soto | D25: Celia | E25: Celia Millon Soto | K25: ANDALUCIA | Q25: F | S25: IF | T25: DF | U25: DX | W25: 4.5 | X25: 4.5 | Y25: 4.5
A26: 11855163 | B26: Serrano Lopez, Katherine Vanessa | C26: Serrano Lopez | D26: Katherine Vanessa | E26: Katherine Vanessa Serrano Lopez | K26: CATALUÑA | Q26: F | S26: IF | T26: DF | U26: DX | W26: 4.5 | X26: 4.5 | Y26: 4.5
A27: 10768804 | B27: De Miguel Gonzalez, Maria | C27: De Miguel Gonzalez | D27: Maria | E27: Maria De Miguel Gonzalez | K27: MADRID | Q27: F | R27: 31433 | S27: IF | T27: DF | W27: 4.5 | AA27: 38
A28: 10767418 | B28: Bitaine , Alex | C28: Bitaine | D28: Alex | E28: Alex Bitaine | K28: MADRID | Q28: F | S28: IF | T28: DF | U28: DX | W28: 4.5 | X28: 4.5 | Y28: 4.5
A29: 10058320 | B29: Cartagena, Carlota | C29: Cartagena | D29: Carlota | E29: Carlota Cartagena | K29: MADRID | Q29: F | R29: 35899 | S29: IF | T29: DF | W29: 4.5 | AA29: 26
A30: 10767161 | B30: Fierro Gonzalez, Monica | C30: Fierro Gonzalez | D30: Monica | E30: Monica Fierro Gonzalez | K30: MADRID | Q30: F | U30: DX | Y30: 4.5
A31: 16953045 | B31: Varo Martínez, Vanessa | C31: Varo Martínez | D31: Vanessa | E31: Vanessa Varo Martínez | K31: ANDALUCIA | Q31: F | S31: IF | T31: DF | U31: DX | W31: 4.5 | X31: 4.5 | Y31: 4.5
A32: 11087344 | B32: Dominguez Luna, Sheila | C32: Dominguez Luna | D32: Sheila | E32: Sheila Dominguez Luna | K32: CATALUÑA | Q32: F | S32: IF | W32: 3.5
A33: 11855626 | B33: Castells Carbonell, Anna | C33: Castells Carbonell | D33: Anna | E33: Anna Castells Carbonell | K33: CATALUÑA | Q33: F | S33: IF | T33: DF | W33: 3.5
A34: 11856046 | B34: Ferrer Ramon, Marta | C34: Ferrer Ramon | D34: Marta | E34: Marta Ferrer Ramon | K34: CATALUÑA | Q34: F | S34: IF | T34: DF | W34: 3.5
A35: 11855288 | B35: Hernández , Laura | C35: Hernández | D35: Laura | E35: Laura Hernández | K35: CATALUÑA | Q35: F | S35: IF | T35: DF | W35: 3.5
A36: 16953342 | B36: Gallego Ruiz-Mateos, Javier | C36: Gallego Ruiz-Mateos | D36: Javier | E36: Javier Gallego Ruiz-Mateos | K36: ANDALUCIA | Q36: M | S36: IM | T36: DM | U36: DX | W36: 5.0 | X36: 5.0 | Y36: 5.0
A37: 10768961 | B37: Prieto Perez, Álvaro | C37: Prieto Perez | D37: Álvaro | E37: Álvaro Prieto Perez | K37: MADRID | Q37: M | R37: 29946 | S37: IM | T37: DM | U37: DX | W37: 5.0 | X37: 5.0 | Y37: 5.0 | AA37: 43
A38: 10768185 | B38: Cardenas Santa, Ernesto | C38: Cardenas Santa | D38: Ernesto | E38: Ernesto Cardenas Santa | Q38: M | S38: IM | T38: DM | U38: DX | W38: 5.0 | X38: 5.0 | Y38: 5.0
A39: 10767103 | B39: Perez Soto, Carlos Alberto | C39: Perez Soto | D39: Carlos Alberto | E39: Carlos Alberto Perez Soto | K39: MADRID | Q39: M | R39: 28564 | S39: IM | T39: DM | U39: DX | W39: 5.0 | X39: 5.0 | Y39: 5.0 | AA39: 46
A40: 16913578 | B40: Serrano Ruano, Alexander | C40: Serrano Ruano | D40: Alexander | E40: Alexander Serrano Ruano | Q40: M | S40: IM | T40: DM | W40: 5.0 | X40: 5.0
A41: 10768789 | B41: Linares Andrade, Joan Manuel | C41: Linares Andrade | D41: Joan Manuel | E41: Joan Manuel Linares Andrade | K41: MADRID | Q41: M | R41: 26450 | S41: IM | T41: DM | W41: 5.0 | X41: 5.0 | AA41: 52
A42: 10769232 | B42: Iriart Fernando, | C42: Iriart Fernando | E42: Iriart Fernando | Q42: M | S42: IM | T42: DM | W42: 5.0 | X42: 5.0
A43: 16307672 | B43: Cuadros Joglar, Ivan | C43: Cuadros Joglar | D43: Ivan | E43: Ivan Cuadros Joglar | Q43: M | S43: IM | T43: DM | W43: 5.0 | X43: 5.0
A44: 10769282 | B44: Rodriguez Requejo, Fernando | C44: Rodriguez Requejo | D44: Fernando | E44: Fernando Rodriguez Requejo | Q44: M | S44: IM | T44: DM | W44: 5.0 | X44: 5.0
A45: 10767327 | B45: Rodriguez Serna, Maria | C45: Rodriguez Serna | D45: Maria | E45: Maria Rodriguez Serna | K45: MADRID | Q45: F | T45: DF | U45: DX | X45: 5.0 | Y45: 5.0
A46: 11855882 | B46: Dominguez Luna, Sheila | C46: Dominguez Luna | D46: Sheila | E46: Sheila Dominguez Luna | K46: CATALUÑA | Q46: F | T46: DF | U46: DX | X46: 5.0 | Y46: 5.0
A47: 10530089 | B47: Castrillo Zamora, Patricia | C47: Castrillo Zamora | D47: Patricia | E47: Patricia Castrillo Zamora | K47: MADRID | Q47: F | T47: DF | U47: DX | X47: 5.0 | Y47: 5.0
A48: 10767111 | B48: Perez Lainez, Candela | C48: Perez Lainez | D48: Candela | E48: Candela Perez Lainez | K48: MADRID | Q48: F | R48: 40196 | T48: DF | U48: DX | X48: 5.0 | Y48: 5.0 | AA48: 14
A49: 10767129 | B49: Lainez Jimenez, Virginia | C49: Lainez Jimenez | D49: Virginia | E49: Virginia Lainez Jimenez | K49: MADRID | Q49: F | T49: DF | U49: DX | X49: 5.0 | Y49: 5.0
A50: 10769133 | B50: Jelly , Kat | C50: Jelly | D50: Kat | E50: Kat Jelly | K50: MADRID | Q50: F | T50: DF | X50: 4.5
A51: 16952906 | B51: Blanco Assanelli, Vanesa Noelia | C51: Blanco Assanelli | D51: Vanesa Noelia | E51: Vanesa Noelia Blanco Assanelli | K51: ANDALUCIA | Q51: F | T51: DF | U51: DX | X51: 4.5 | Y51: 4.5
A52: 4412475 | B52: García Garre, Ana | C52: García Garre | D52: Ana | E52: Ana García Garre | K52: ANDALUCIA | Q52: F | T52: DF | X52: 4.5
A53: 13405065 | B53: Olmo , Laura | C53: Olmo | D53: Laura | E53: Laura Olmo | K53: MADRID | Q53: F | T53: DF | X53: 4.5
A54: 16953251 | B54: Yanes Cabrera, Alicia | C54: Yanes Cabrera | D54: Alicia | E54: Alicia Yanes Cabrera | K54: ANDALUCIA | Q54: F | T54: DF | X54: 4.5
A55: 1178913 | B55: Senciales del Moral, Araceli | C55: Senciales del Moral | D55: Araceli | E55: Araceli Senciales del Moral | K55: ANDALUCIA | Q55: F | T55: DF | X55: 4.5
A56: 16953235 | B56: Morales Herrera, Mamen | C56: Morales Herrera | D56: Mamen | E56: Mamen Morales Herrera | K56: ANDALUCIA | Q56: F | T56: DF | U56: DX | X56: 4.5 | Y56: 4.5
A57: 10766197 | B57: Garcia Martin, Alejandra Herminia | C57: Garcia Martin | D57: Alejandra Herminia | E57: Alejandra Herminia Garcia Martin | K57: MADRID | Q57: F | R57: 25910 | T57: DF | X57: 4.5 | AA57: 54
A58: 11857763 | B58: Capobianco Teran, Veronica | C58: Capobianco Teran | D58: Veronica | E58: Veronica Capobianco Teran | K58: CATALUÑA | Q58: F | T58: DF | U58: DX | X58: 4.5 | Y58: 4.5
A59: 16952261 | B59: García , Patricia | C59: García | D59: Patricia | E59: Patricia García | K59: ANDALUCIA | Q59: F | T59: DF | X59: 4.5
A60: 10766189 | B60: Guerrero García, Araceli Belen | C60: Guerrero García | D60: Araceli Belen | E60: Araceli Belen Guerrero García | K60: MADRID | Q60: F | R60: 36408 | T60: DF | U60: DX | X60: 4.5 | Y60: 4.5 | AA60: 25
A61: 16952964 | B61: Garcia , Begoña | C61: Garcia | D61: Begoña | E61: Begoña Garcia | K61: ANDALUCIA | Q61: F | T61: DF | X61: 4.5
A62: 10769216 | B62: Tornay Stinziano, Gustavo | C62: Tornay Stinziano | D62: Gustavo | E62: Gustavo Tornay Stinziano | K62: CASTILLA LEON | Q62: M | U62: DX | Y62: 5.0
A63: 16952378 | B63: Baéz Fernández, Victor | C63: Baéz Fernández | D63: Victor | E63: Victor Baéz Fernández | K63: ANDALUCIA | Q63: M | U63: DX | Y63: 4.5
A64: 16953227 | B64: Oliver De Torres, Jesús | C64: Oliver De Torres | D64: Jesús | E64: Jesús Oliver De Torres | K64: ANDALUCIA | Q64: M | U64: DX | Y64: 4.5
A65: 10768060 | B65: Novales De Diago, Eneko | C65: Novales De Diago | D65: Eneko | E65: Eneko Novales De Diago | K65: MADRID | Q65: M | U65: DX | Y65: 4.5
A66: 10767153 | B66: De Marcos Del Pozo, Francisco Javier | C66: De Marcos Del Pozo | D66: Francisco Javier | E66: Francisco Javier De Marcos Del Pozo | K66: MADRID | Q66: M | R66: 31848 | U66: DX | Y66: 4.5 | AA66: 37
A67: 16952881 | B67: Garcia Corrales, Francisco Jesus | C67: Garcia Corrales | D67: Francisco Jesus | E67: Francisco Jesus Garcia Corrales | K67: ANDALUCIA | Q67: M | U67: DX | Y67: 4.5
A68: 11855303 | B68: Oliver Cruells, Ferran | C68: Oliver Cruells | D68: Ferran | E68: Ferran Oliver Cruells | K68: CATALUÑA | Q68: M | U68: DX | Y68: 4.5
A69: 11855155 | B69: Rovira Romero, Andres Alejandro | C69: Rovira Romero | D69: Andres Alejandro | E69: Andres Alejandro Rovira Romero | K69: CATALUÑA | Q69: M | U69: DX | Y69: 4.5
A70: 10769092 | B70: Sainz , Marcos | C70: Sainz | D70: Marcos | E70: Marcos Sainz | K70: MADRID | Q70: M | U70: DX | Y70: 4.5
A71: 10766303 | B71: Cortes Barrio, Jose Maria | C71: Cortes Barrio | D71: Jose Maria | E71: Jose Maria Cortes Barrio | K71: MADRID | Q71: M | U71: DX | Y71: 4.5
A72: 10769349 | B72: Ziarreta Fernandez, Nerea | C72: Ziarreta Fernandez | D72: Nerea | E72: Nerea Ziarreta Fernandez | K72: MADRID | Q72: F | R72: 32678 | U72: DX | Y72: 4.5 | AA72: 35
A73: 10766254 | B73: Sarabia Navajo, Raquel | C73: Sarabia Navajo | D73: Raquel | E73: Raquel Sarabia Navajo | K73: MADRID | Q73: F | U73: DX | Y73: 4.5
A74: 10766296 | B74: Puebla Prada, Enrique | C74: Puebla Prada | D74: Enrique | E74: Enrique Puebla Prada | K74: MADRID | Q74: M | U74: DX | Y74: 4.5
A75: 16953053 | B75: Ballesteros Aguilar, Ruben | C75: Ballesteros Aguilar | D75: Ruben | E75: Ruben Ballesteros Aguilar | K75: ANDALUCIA | Q75: M | U75: DX | Y75: 4.5
A76: 10765983 | B76: Blanco Acedo, Francisco Javier | C76: Blanco Acedo | D76: Francisco Javier | E76: Francisco Javier Blanco Acedo | K76: MADRID | Q76: M | U76: DX | Y76: 4.5
A77: 16953061 | B77: García de la Plaza Guardeño, Antonio | C77: García de la Plaza Guardeño | D77: Antonio | E77: Antonio García de la Plaza Guardeño | K77: ANDALUCIA | Q77: M | U77: DX | Y77: 4.5
A78: 10605866 | B78: Parrilla Garcia, José Maria | C78: Parrilla Garcia | D78: José Maria | E78: José Maria Parrilla Garcia | K78: MADRID | Q78: M | R78: 30220 | U78: DX | Y78: 4.5 | AA78: 42
A79: 10574079 | B79: Alvarez Narros, Cristina | C79: Alvarez Narros | D79: Cristina | E79: Cristina Alvarez Narros | K79: MADRID | Q79: F | U79: DX | Y79: 4.5
A80: 10574095 | B80: Bilbao Areitio, Beatriz | C80: Bilbao Areitio | D80: Beatriz | E80: Beatriz Bilbao Areitio | Q80: F | R80: 35388 | AA80: 28

Sheet FORMULAS
A1: Nº.ID | B1: Completo | C1: Apellido | D1: Nombre | E1: 2ºNombre | F1: Dirección | G1: Dirección2 | H1: Dirección3 | I1: CP | J1: Ciudad | K1: CCAA | L1: País | M1: Tfn Casa | N1: Tfn. trabajo: | O1: Móvil | P1: Email | Q1: Género | R1: F.Nac | S1: NivelIndividual | T1: NivelDobles | U1: NivelMixto | V1: Club | W1: RatingIndividual | X1: RatingDobles | Y1: RatingMixto | Z1: Admitidos | AA1: Edad
A2: 10768466 | B2: =IF(VLOOKUP($A2,Sheet1!$A:$AA,MATCH(B$1,Sheet1!$A$1:$AA$1,0),FALSE)=0,"",VLOOKUP($A2,Sheet1!$A:$AA,MATCH(B$1,Sheet1!$A$1:$AA$1,0),FALSE)) -> Paiva Jardim, Marcello | C2: =IF(VLOOKUP($A2,Sheet1!$A:$AA,MATCH(C$1,Sheet1!$A$1:$AA$1,0),FALSE)=0,"",VLOOKUP($A2,Sheet1!$A:$AA,MATCH(C$1,Sheet1!$A$1:$AA$1,0),FALSE)) -> Paiva Jardim | D2: =IF(VLOOKUP($A2,Sheet1!$A:$AA,MATCH(D$1,Sheet1!$A$1:$AA$1,0),FALSE)=0,"",VLOOKUP($A2,Sheet1!$A:$AA,MATCH(D$1,Sheet1!$A$1:$AA$1,0),FALSE)) -> Marcello | E2: =IF(VLOOKUP($A2,Sheet1!$A:$AA,MATCH(E$1,Sheet1!$A$1:$AA$1,0),FALSE)=0,"",VLOOKUP($A2,Sheet1!$A:$AA,MATCH(E$1,Sheet1!$A$1:$AA$1,0),FALSE)) -> Marcello Paiva Jardim | F2: =IF(VLOOKUP($A2,Sheet1!$A:$AA,MATCH(F$1,Sheet1!$A$1:$AA$1,0),FALSE)=0,"",VLOOKUP($A2,Sheet1!$A:$AA,MATCH(F$1,Sheet1!$A$1:$AA$1,0),FALSE)) | G2: =IF(VLOOKUP($A2,Sheet1!$A:$AA,MATCH(G$1,Sheet1!$A$1:$AA$1,0),FALSE)=0,"",VLOOKUP($A2,Sheet1!$A:$AA,MATCH(G$1,Sheet1!$A$1:$AA$1,0),FALSE)) | H2: =IF(VLOOKUP($A2,Sheet1!$A:$AA,MATCH(H$1,Sheet1!$A$1:$AA$1,0),FALSE)=0,"",VLOOKUP($A2,Sheet1!$A:$AA,MATCH(H$1,Sheet1!$A$1:$AA$1,0),FALSE)) | I2: =IF(VLOOKUP($A2,Sheet1!$A:$AA,MATCH(I$1,Sheet1!$A$1:$AA$1,0),FALSE)=0,"",VLOOKUP($A2,Sheet1!$A:$AA,MATCH(I$1,Sheet1!$A$1:$AA$1,0),FALSE)) | ... AA2: =IF(VLOOKUP($A2,Sheet1!$A:$AA,MATCH(AA$1,Sheet1!$A$1:$AA$1,0),FALSE)=0,"",VLOOKUP($A2,Sheet1!$A:$AA,MATCH(AA$1,Sheet1!$A$1:$AA$1,0),FALSE))
A3: 10767319 | B3: =IF(VLOOKUP($A3,Sheet1!$A:$AA,MATCH(B$1,Sheet1!$A$1:$AA$1,0),FALSE)=0,"",VLOOKUP($A3,Sheet1!$A:$AA,MATCH(B$1,Sheet1!$A$1:$AA$1,0),FALSE)) -> Illescas Cases, David | C3: =IF(VLOOKUP($A3,Sheet1!$A:$AA,MATCH(C$1,Sheet1!$A$1:$AA$1,0),FALSE)=0,"",VLOOKUP($A3,Sheet1!$A:$AA,MATCH(C$1,Sheet1!$A$1:$AA$1,0),FALSE)) -> Illescas Cases | D3: =IF(VLOOKUP($A3,Sheet1!$A:$AA,MATCH(D$1,Sheet1!$A$1:$AA$1,0),FALSE)=0,"",VLOOKUP($A3,Sheet1!$A:$AA,MATCH(D$1,Sheet1!$A$1:$AA$1,0),FALSE)) -> David | E3: =IF(VLOOKUP($A3,Sheet1!$A:$AA,MATCH(E$1,Sheet1!$A$1:$AA$1,0),FALSE)=0,"",VLOOKUP($A3,Sheet1!$A:$AA,MATCH(E$1,Sheet1!$A$1:$AA$1,0),FALSE)) -> David Illescas Cases | F3: =IF(VLOOKUP($A3,Sheet1!$A:$AA,MATCH(F$1,Sheet1!$A$1:$AA$1,0),FALSE)=0,"",VLOOKUP($A3,Sheet1!$A:$AA,MATCH(F$1,Sheet1!$A$1:$AA$1,0),FALSE)) | G3: =IF(VLOOKUP($A3,Sheet1!$A:$AA,MATCH(G$1,Sheet1!$A$1:$AA$1,0),FALSE)=0,"",VLOOKUP($A3,Sheet1!$A:$AA,MATCH(G$1,Sheet1!$A$1:$AA$1,0),FALSE)) | H3: =IF(VLOOKUP($A3,Sheet1!$A:$AA,MATCH(H$1,Sheet1!$A$1:$AA$1,0),FALSE)=0,"",VLOOKUP($A3,Sheet1!$A:$AA,MATCH(H$1,Sheet1!$A$1:$AA$1,0),FALSE)) | I3: =IF(VLOOKUP($A3,Sheet1!$A:$AA,MATCH(I$1,Sheet1!$A$1:$AA$1,0),FALSE)=0,"",VLOOKUP($A3,Sheet1!$A:$AA,MATCH(I$1,Sheet1!$A$1:$AA$1,0),FALSE)) | ... AA3: =IF(VLOOKUP($A3,Sheet1!$A:$AA,MATCH(AA$1,Sheet1!$A$1:$AA$1,0),FALSE)=0,"",VLOOKUP($A3,Sheet1!$A:$AA,MATCH(AA$1,Sheet1!$A$1:$AA$1,0),FALSE))
A4: 6836467 | B4: =IF(VLOOKUP($A4,Sheet1!$A:$AA,MATCH(B$1,Sheet1!$A$1:$AA$1,0),FALSE)=0,"",VLOOKUP($A4,Sheet1!$A:$AA,MATCH(B$1,Sheet1!$A$1:$AA$1,0),FALSE)) -> Canyadell Fabregas, Pep | C4: =IF(VLOOKUP($A4,Sheet1!$A:$AA,MATCH(C$1,Sheet1!$A$1:$AA$1,0),FALSE)=0,"",VLOOKUP($A4,Sheet1!$A:$AA,MATCH(C$1,Sheet1!$A$1:$AA$1,0),FALSE)) -> Canyadell Fabregas | D4: =IF(VLOOKUP($A4,Sheet1!$A:$AA,MATCH(D$1,Sheet1!$A$1:$AA$1,0),FALSE)=0,"",VLOOKUP($A4,Sheet1!$A:$AA,MATCH(D$1,Sheet1!$A$1:$AA$1,0),FALSE)) -> Pep | E4: =IF(VLOOKUP($A4,Sheet1!$A:$AA,MATCH(E$1,Sheet1!$A$1:$AA$1,0),FALSE)=0,"",VLOOKUP($A4,Sheet1!$A:$AA,MATCH(E$1,Sheet1!$A$1:$AA$1,0),FALSE)) -> Pep Canyadell Fabregas | F4: =IF(VLOOKUP($A4,Sheet1!$A:$AA,MATCH(F$1,Sheet1!$A$1:$AA$1,0),FALSE)=0,"",VLOOKUP($A4,Sheet1!$A:$AA,MATCH(F$1,Sheet1!$A$1:$AA$1,0),FALSE)) | G4: =IF(VLOOKUP($A4,Sheet1!$A:$AA,MATCH(G$1,Sheet1!$A$1:$AA$1,0),FALSE)=0,"",VLOOKUP($A4,Sheet1!$A:$AA,MATCH(G$1,Sheet1!$A$1:$AA$1,0),FALSE)) | H4: =IF(VLOOKUP($A4,Sheet1!$A:$AA,MATCH(H$1,Sheet1!$A$1:$AA$1,0),FALSE)=0,"",VLOOKUP($A4,Sheet1!$A:$AA,MATCH(H$1,Sheet1!$A$1:$AA$1,0),FALSE)) | I4: =IF(VLOOKUP($A4,Sheet1!$A:$AA,MATCH(I$1,Sheet1!$A$1:$AA$1,0),FALSE)=0,"",VLOOKUP($A4,Sheet1!$A:$AA,MATCH(I$1,Sheet1!$A$1:$AA$1,0),FALSE)) | ... AA4: =IF(VLOOKUP($A4,Sheet1!$A:$AA,MATCH(AA$1,Sheet1!$A$1:$AA$1,0),FALSE)=0,"",VLOOKUP($A4,Sheet1!$A:$AA,MATCH(AA$1,Sheet1!$A$1:$AA$1,0),FALSE))
A5: 16952360 | B5: =IF(VLOOKUP($A5,Sheet1!$A:$AA,MATCH(B$1,Sheet1!$A$1:$AA$1,0),FALSE)=0,"",VLOOKUP($A5,Sheet1!$A:$AA,MATCH(B$1,Sheet1!$A$1:$AA$1,0),FALSE)) -> Casquero Herrero, Antonio | C5: =IF(VLOOKUP($A5,Sheet1!$A:$AA,MATCH(C$1,Sheet1!$A$1:$AA$1,0),FALSE)=0,"",VLOOKUP($A5,Sheet1!$A:$AA,MATCH(C$1,Sheet1!$A$1:$AA$1,0),FALSE)) -> Casquero Herrero | D5: =IF(VLOOKUP($A5,Sheet1!$A:$AA,MATCH(D$1,Sheet1!$A$1:$AA$1,0),FALSE)=0,"",VLOOKUP($A5,Sheet1!$A:$AA,MATCH(D$1,Sheet1!$A$1:$AA$1,0),FALSE)) -> Antonio | E5: =IF(VLOOKUP($A5,Sheet1!$A:$AA,MATCH(E$1,Sheet1!$A$1:$AA$1,0),FALSE)=0,"",VLOOKUP($A5,Sheet1!$A:$AA,MATCH(E$1,Sheet1!$A$1:$AA$1,0),FALSE)) -> Antonio Casquero Herrero | F5: =IF(VLOOKUP($A5,Sheet1!$A:$AA,MATCH(F$1,Sheet1!$A$1:$AA$1,0),FALSE)=0,"",VLOOKUP($A5,Sheet1!$A:$AA,MATCH(F$1,Sheet1!$A$1:$AA$1,0),FALSE)) | G5: =IF(VLOOKUP($A5,Sheet1!$A:$AA,MATCH(G$1,Sheet1!$A$1:$AA$1,0),FALSE)=0,"",VLOOKUP($A5,Sheet1!$A:$AA,MATCH(G$1,Sheet1!$A$1:$AA$1,0),FALSE)) | H5: =IF(VLOOKUP($A5,Sheet1!$A:$AA,MATCH(H$1,Sheet1!$A$1:$AA$1,0),FALSE)=0,"",VLOOKUP($A5,Sheet1!$A:$AA,MATCH(H$1,Sheet1!$A$1:$AA$1,0),FALSE)) | I5: =IF(VLOOKUP($A5,Sheet1!$A:$AA,MATCH(I$1,Sheet1!$A$1:$AA$1,0),FALSE)=0,"",VLOOKUP($A5,Sheet1!$A:$AA,MATCH(I$1,Sheet1!$A$1:$AA$1,0),FALSE)) | ... AA5: =IF(VLOOKUP($A5,Sheet1!$A:$AA,MATCH(AA$1,Sheet1!$A$1:$AA$1,0),FALSE)=0,"",VLOOKUP($A5,Sheet1!$A:$AA,MATCH(AA$1,Sheet1!$A$1:$AA$1,0),FALSE))
A6: 13464954 | B6: =IF(VLOOKUP($A6,Sheet1!$A:$AA,MATCH(B$1,Sheet1!$A$1:$AA$1,0),FALSE)=0,"",VLOOKUP($A6,Sheet1!$A:$AA,MATCH(B$1,Sheet1!$A$1:$AA$1,0),FALSE)) -> Marcos López, Vicente | C6: =IF(VLOOKUP($A6,Sheet1!$A:$AA,MATCH(C$1,Sheet1!$A$1:$AA$1,0),FALSE)=0,"",VLOOKUP($A6,Sheet1!$A:$AA,MATCH(C$1,Sheet1!$A$1:$AA$1,0),FALSE)) -> Marcos López | D6: =IF(VLOOKUP($A6,Sheet1!$A:$AA,MATCH(D$1,Sheet1!$A$1:$AA$1,0),FALSE)=0,"",VLOOKUP($A6,Sheet1!$A:$AA,MATCH(D$1,Sheet1!$A$1:$AA$1,0),FALSE)) -> Vicente | E6: =IF(VLOOKUP($A6,Sheet1!$A:$AA,MATCH(E$1,Sheet1!$A$1:$AA$1,0),FALSE)=0,"",VLOOKUP($A6,Sheet1!$A:$AA,MATCH(E$1,Sheet1!$A$1:$AA$1,0),FALSE)) -> Vicente Marcos López | F6: =IF(VLOOKUP($A6,Sheet1!$A:$AA,MATCH(F$1,Sheet1!$A$1:$AA$1,0),FALSE)=0,"",VLOOKUP($A6,Sheet1!$A:$AA,MATCH(F$1,Sheet1!$A$1:$AA$1,0),FALSE)) | G6: =IF(VLOOKUP($A6,Sheet1!$A:$AA,MATCH(G$1,Sheet1!$A$1:$AA$1,0),FALSE)=0,"",VLOOKUP($A6,Sheet1!$A:$AA,MATCH(G$1,Sheet1!$A$1:$AA$1,0),FALSE)) | H6: =IF(VLOOKUP($A6,Sheet1!$A:$AA,MATCH(H$1,Sheet1!$A$1:$AA$1,0),FALSE)=0,"",VLOOKUP($A6,Sheet1!$A:$AA,MATCH(H$1,Sheet1!$A$1:$AA$1,0),FALSE)) | I6: =IF(VLOOKUP($A6,Sheet1!$A:$AA,MATCH(I$1,Sheet1!$A$1:$AA$1,0),FALSE)=0,"",VLOOKUP($A6,Sheet1!$A:$AA,MATCH(I$1,Sheet1!$A$1:$AA$1,0),FALSE)) | ... AA6: =IF(VLOOKUP($A6,Sheet1!$A:$AA,MATCH(AA$1,Sheet1!$A$1:$AA$1,0),FALSE)=0,"",VLOOKUP($A6,Sheet1!$A:$AA,MATCH(AA$1,Sheet1!$A$1:$AA$1,0),FALSE))
A7: 16307820 | B7: =IF(VLOOKUP($A7,Sheet1!$A:$AA,MATCH(B$1,Sheet1!$A$1:$AA$1,0),FALSE)=0,"",VLOOKUP($A7,Sheet1!$A:$AA,MATCH(B$1,Sheet1!$A$1:$AA$1,0),FALSE)) -> Díaz Ibáñez, Sergio | C7: =IF(VLOOKUP($A7,Sheet1!$A:$AA,MATCH(C$1,Sheet1!$A$1:$AA$1,0),FALSE)=0,"",VLOOKUP($A7,Sheet1!$A:$AA,MATCH(C$1,Sheet1!$A$1:$AA$1,0),FALSE)) -> Díaz Ibáñez | D7: =IF(VLOOKUP($A7,Sheet1!$A:$AA,MATCH(D$1,Sheet1!$A$1:$AA$1,0),FALSE)=0,"",VLOOKUP($A7,Sheet1!$A:$AA,MATCH(D$1,Sheet1!$A$1:$AA$1,0),FALSE)) -> Sergio | E7: =IF(VLOOKUP($A7,Sheet1!$A:$AA,MATCH(E$1,Sheet1!$A$1:$AA$1,0),FALSE)=0,"",VLOOKUP($A7,Sheet1!$A:$AA,MATCH(E$1,Sheet1!$A$1:$AA$1,0),FALSE)) -> Sergio Díaz Ibáñez | F7: =IF(VLOOKUP($A7,Sheet1!$A:$AA,MATCH(F$1,Sheet1!$A$1:$AA$1,0),FALSE)=0,"",VLOOKUP($A7,Sheet1!$A:$AA,MATCH(F$1,Sheet1!$A$1:$AA$1,0),FALSE)) | G7: =IF(VLOOKUP($A7,Sheet1!$A:$AA,MATCH(G$1,Sheet1!$A$1:$AA$1,0),FALSE)=0,"",VLOOKUP($A7,Sheet1!$A:$AA,MATCH(G$1,Sheet1!$A$1:$AA$1,0),FALSE)) | H7: =IF(VLOOKUP($A7,Sheet1!$A:$AA,MATCH(H$1,Sheet1!$A$1:$AA$1,0),FALSE)=0,"",VLOOKUP($A7,Sheet1!$A:$AA,MATCH(H$1,Sheet1!$A$1:$AA$1,0),FALSE)) | I7: =IF(VLOOKUP($A7,Sheet1!$A:$AA,MATCH(I$1,Sheet1!$A$1:$AA$1,0),FALSE)=0,"",VLOOKUP($A7,Sheet1!$A:$AA,MATCH(I$1,Sheet1!$A$1:$AA$1,0),FALSE)) | ... AA7: =IF(VLOOKUP($A7,Sheet1!$A:$AA,MATCH(AA$1,Sheet1!$A$1:$AA$1,0),FALSE)=0,"",VLOOKUP($A7,Sheet1!$A:$AA,MATCH(AA$1,Sheet1!$A$1:$AA$1,0),FALSE)) -> 30
A8: 16952980 | B8: =IF(VLOOKUP($A8,Sheet1!$A:$AA,MATCH(B$1,Sheet1!$A$1:$AA$1,0),FALSE)=0,"",VLOOKUP($A8,Sheet1!$A:$AA,MATCH(B$1,Sheet1!$A$1:$AA$1,0),FALSE)) -> Arias Gomar, Ramon | C8: =IF(VLOOKUP($A8,Sheet1!$A:$AA,MATCH(C$1,Sheet1!$A$1:$AA$1,0),FALSE)=0,"",VLOOKUP($A8,Sheet1!$A:$AA,MATCH(C$1,Sheet1!$A$1:$AA$1,0),FALSE)) -> Arias Gomar | D8: =IF(VLOOKUP($A8,Sheet1!$A:$AA,MATCH(D$1,Sheet1!$A$1:$AA$1,0),FALSE)=0,"",VLOOKUP($A8,Sheet1!$A:$AA,MATCH(D$1,Sheet1!$A$1:$AA$1,0),FALSE)) -> Ramon | E8: =IF(VLOOKUP($A8,Sheet1!$A:$AA,MATCH(E$1,Sheet1!$A$1:$AA$1,0),FALSE)=0,"",VLOOKUP($A8,Sheet1!$A:$AA,MATCH(E$1,Sheet1!$A$1:$AA$1,0),FALSE)) -> Ramon Arias Gomar | F8: =IF(VLOOKUP($A8,Sheet1!$A:$AA,MATCH(F$1,Sheet1!$A$1:$AA$1,0),FALSE)=0,"",VLOOKUP($A8,Sheet1!$A:$AA,MATCH(F$1,Sheet1!$A$1:$AA$1,0),FALSE)) | G8: =IF(VLOOKUP($A8,Sheet1!$A:$AA,MATCH(G$1,Sheet1!$A$1:$AA$1,0),FALSE)=0,"",VLOOKUP($A8,Sheet1!$A:$AA,MATCH(G$1,Sheet1!$A$1:$AA$1,0),FALSE)) | H8: =IF(VLOOKUP($A8,Sheet1!$A:$AA,MATCH(H$1,Sheet1!$A$1:$AA$1,0),FALSE)=0,"",VLOOKUP($A8,Sheet1!$A:$AA,MATCH(H$1,Sheet1!$A$1:$AA$1,0),FALSE)) | I8: =IF(VLOOKUP($A8,Sheet1!$A:$AA,MATCH(I$1,Sheet1!$A$1:$AA$1,0),FALSE)=0,"",VLOOKUP($A8,Sheet1!$A:$AA,MATCH(I$1,Sheet1!$A$1:$AA$1,0),FALSE)) | ... AA8: =IF(VLOOKUP($A8,Sheet1!$A:$AA,MATCH(AA$1,Sheet1!$A$1:$AA$1,0),FALSE)=0,"",VLOOKUP($A8,Sheet1!$A:$AA,MATCH(AA$1,Sheet1!$A$1:$AA$1,0),FALSE))
A9: 6723903 | B9: =IF(VLOOKUP($A9,Sheet1!$A:$AA,MATCH(B$1,Sheet1!$A$1:$AA$1,0),FALSE)=0,"",VLOOKUP($A9,Sheet1!$A:$AA,MATCH(B$1,Sheet1!$A$1:$AA$1,0),FALSE)) -> De Rueda De Genover, Ignasi | C9: =IF(VLOOKUP($A9,Sheet1!$A:$AA,MATCH(C$1,Sheet1!$A$1:$AA$1,0),FALSE)=0,"",VLOOKUP($A9,Sheet1!$A:$AA,MATCH(C$1,Sheet1!$A$1:$AA$1,0),FALSE)) -> De Rueda De Genover | D9: =IF(VLOOKUP($A9,Sheet1!$A:$AA,MATCH(D$1,Sheet1!$A$1:$AA$1,0),FALSE)=0,"",VLOOKUP($A9,Sheet1!$A:$AA,MATCH(D$1,Sheet1!$A$1:$AA$1,0),FALSE)) -> Ignasi | E9: =IF(VLOOKUP($A9,Sheet1!$A:$AA,MATCH(E$1,Sheet1!$A$1:$AA$1,0),FALSE)=0,"",VLOOKUP($A9,Sheet1!$A:$AA,MATCH(E$1,Sheet1!$A$1:$AA$1,0),FALSE)) -> Ignasi De Rueda De Genover | F9: =IF(VLOOKUP($A9,Sheet1!$A:$AA,MATCH(F$1,Sheet1!$A$1:$AA$1,0),FALSE)=0,"",VLOOKUP($A9,Sheet1!$A:$AA,MATCH(F$1,Sheet1!$A$1:$AA$1,0),FALSE)) | G9: =IF(VLOOKUP($A9,Sheet1!$A:$AA,MATCH(G$1,Sheet1!$A$1:$AA$1,0),FALSE)=0,"",VLOOKUP($A9,Sheet1!$A:$AA,MATCH(G$1,Sheet1!$A$1:$AA$1,0),FALSE)) | H9: =IF(VLOOKUP($A9,Sheet1!$A:$AA,MATCH(H$1,Sheet1!$A$1:$AA$1,0),FALSE)=0,"",VLOOKUP($A9,Sheet1!$A:$AA,MATCH(H$1,Sheet1!$A$1:$AA$1,0),FALSE)) | I9: =IF(VLOOKUP($A9,Sheet1!$A:$AA,MATCH(I$1,Sheet1!$A$1:$AA$1,0),FALSE)=0,"",VLOOKUP($A9,Sheet1!$A:$AA,MATCH(I$1,Sheet1!$A$1:$AA$1,0),FALSE)) | ... AA9: =IF(VLOOKUP($A9,Sheet1!$A:$AA,MATCH(AA$1,Sheet1!$A$1:$AA$1,0),FALSE)=0,"",VLOOKUP($A9,Sheet1!$A:$AA,MATCH(AA$1,Sheet1!$A$1:$AA$1,0),FALSE))
A10: 16937065 | B10: =IF(VLOOKUP($A10,Sheet1!$A:$AA,MATCH(B$1,Sheet1!$A$1:$AA$1,0),FALSE)=0,"",VLOOKUP($A10,Sheet1!$A:$AA,MATCH(B$1,Sheet1!$A$1:$AA$1,0),FALSE)) -> Pereira de Mattos, Domini Elias | C10: =IF(VLOOKUP($A10,Sheet1!$A:$AA,MATCH(C$1,Sheet1!$A$1:$AA$1,0),FALSE)=0,"",VLOOKUP($A10,Sheet1!$A:$AA,MATCH(C$1,Sheet1!$A$1:$AA$1,0),FALSE)) -> Pereira de Mattos | D10: =IF(VLOOKUP($A10,Sheet1!$A:$AA,MATCH(D$1,Sheet1!$A$1:$AA$1,0),FALSE)=0,"",VLOOKUP($A10,Sheet1!$A:$AA,MATCH(D$1,Sheet1!$A$1:$AA$1,0),FALSE)) -> Domini Elias | E10: =IF(VLOOKUP($A10,Sheet1!$A:$AA,MATCH(E$1,Sheet1!$A$1:$AA$1,0),FALSE)=0,"",VLOOKUP($A10,Sheet1!$A:$AA,MATCH(E$1,Sheet1!$A$1:$AA$1,0),FALSE)) -> Domini Elias Pereira de Mattos | F10: =IF(VLOOKUP($A10,Sheet1!$A:$AA,MATCH(F$1,Sheet1!$A$1:$AA$1,0),FALSE)=0,"",VLOOKUP($A10,Sheet1!$A:$AA,MATCH(F$1,Sheet1!$A$1:$AA$1,0),FALSE)) | G10: =IF(VLOOKUP($A10,Sheet1!$A:$AA,MATCH(G$1,Sheet1!$A$1:$AA$1,0),FALSE)=0,"",VLOOKUP($A10,Sheet1!$A:$AA,MATCH(G$1,Sheet1!$A$1:$AA$1,0),FALSE)) | H10: =IF(VLOOKUP($A10,Sheet1!$A:$AA,MATCH(H$1,Sheet1!$A$1:$AA$1,0),FALSE)=0,"",VLOOKUP($A10,Sheet1!$A:$AA,MATCH(H$1,Sheet1!$A$1:$AA$1,0),FALSE)) | I10: =IF(VLOOKUP($A10,Sheet1!$A:$AA,MATCH(I$1,Sheet1!$A$1:$AA$1,0),FALSE)=0,"",VLOOKUP($A10,Sheet1!$A:$AA,MATCH(I$1,Sheet1!$A$1:$AA$1,0),FALSE)) | ... AA10: =IF(VLOOKUP($A10,Sheet1!$A:$AA,MATCH(AA$1,Sheet1!$A$1:$AA$1,0),FALSE)=0,"",VLOOKUP($A10,Sheet1!$A:$AA,MATCH(AA$1,Sheet1!$A$1:$AA$1,0),FALSE))
A11: 11855642 | B11: =IF(VLOOKUP($A11,Sheet1!$A:$AA,MATCH(B$1,Sheet1!$A$1:$AA$1,0),FALSE)=0,"",VLOOKUP($A11,Sheet1!$A:$AA,MATCH(B$1,Sheet1!$A$1:$AA$1,0),FALSE)) -> Caymel Romero, Marc | C11: =IF(VLOOKUP($A11,Sheet1!$A:$AA,MATCH(C$1,Sheet1!$A$1:$AA$1,0),FALSE)=0,"",VLOOKUP($A11,Sheet1!$A:$AA,MATCH(C$1,Sheet1!$A$1:$AA$1,0),FALSE)) -> Caymel Romero | D11: =IF(VLOOKUP($A11,Sheet1!$A:$AA,MATCH(D$1,Sheet1!$A$1:$AA$1,0),FALSE)=0,"",VLOOKUP($A11,Sheet1!$A:$AA,MATCH(D$1,Sheet1!$A$1:$AA$1,0),FALSE)) -> Marc | E11: =IF(VLOOKUP($A11,Sheet1!$A:$AA,MATCH(E$1,Sheet1!$A$1:$AA$1,0),FALSE)=0,"",VLOOKUP($A11,Sheet1!$A:$AA,MATCH(E$1,Sheet1!$A$1:$AA$1,0),FALSE)) -> Marc Caymel Romero | F11: =IF(VLOOKUP($A11,Sheet1!$A:$AA,MATCH(F$1,Sheet1!$A$1:$AA$1,0),FALSE)=0,"",VLOOKUP($A11,Sheet1!$A:$AA,MATCH(F$1,Sheet1!$A$1:$AA$1,0),FALSE)) | G11: =IF(VLOOKUP($A11,Sheet1!$A:$AA,MATCH(G$1,Sheet1!$A$1:$AA$1,0),FALSE)=0,"",VLOOKUP($A11,Sheet1!$A:$AA,MATCH(G$1,Sheet1!$A$1:$AA$1,0),FALSE)) | H11: =IF(VLOOKUP($A11,Sheet1!$A:$AA,MATCH(H$1,Sheet1!$A$1:$AA$1,0),FALSE)=0,"",VLOOKUP($A11,Sheet1!$A:$AA,MATCH(H$1,Sheet1!$A$1:$AA$1,0),FALSE)) | I11: =IF(VLOOKUP($A11,Sheet1!$A:$AA,MATCH(I$1,Sheet1!$A$1:$AA$1,0),FALSE)=0,"",VLOOKUP($A11,Sheet1!$A:$AA,MATCH(I$1,Sheet1!$A$1:$AA$1,0),FALSE)) | ... AA11: =IF(VLOOKUP($A11,Sheet1!$A:$AA,MATCH(AA$1,Sheet1!$A$1:$AA$1,0),FALSE)=0,"",VLOOKUP($A11,Sheet1!$A:$AA,MATCH(AA$1,Sheet1!$A$1:$AA$1,0),FALSE))
A12: 10768565 | B12: =IF(VLOOKUP($A12,Sheet1!$A:$AA,MATCH(B$1,Sheet1!$A$1:$AA$1,0),FALSE)=0,"",VLOOKUP($A12,Sheet1!$A:$AA,MATCH(B$1,Sheet1!$A$1:$AA$1,0),FALSE)) -> Ruiz Calvo, Javier | C12: =IF(VLOOKUP($A12,Sheet1!$A:$AA,MATCH(C$1,Sheet1!$A$1:$AA$1,0),FALSE)=0,"",VLOOKUP($A12,Sheet1!$A:$AA,MATCH(C$1,Sheet1!$A$1:$AA$1,0),FALSE)) -> Ruiz Calvo | D12: =IF(VLOOKUP($A12,Sheet1!$A:$AA,MATCH(D$1,Sheet1!$A$1:$AA$1,0),FALSE)=0,"",VLOOKUP($A12,Sheet1!$A:$AA,MATCH(D$1,Sheet1!$A$1:$AA$1,0),FALSE)) -> Javier | E12: =IF(VLOOKUP($A12,Sheet1!$A:$AA,MATCH(E$1,Sheet1!$A$1:$AA$1,0),FALSE)=0,"",VLOOKUP($A12,Sheet1!$A:$AA,MATCH(E$1,Sheet1!$A$1:$AA$1,0),FALSE)) -> Javier Ruiz Calvo | F12: =IF(VLOOKUP($A12,Sheet1!$A:$AA,MATCH(F$1,Sheet1!$A$1:$AA$1,0),FALSE)=0,"",VLOOKUP($A12,Sheet1!$A:$AA,MATCH(F$1,Sheet1!$A$1:$AA$1,0),FALSE)) | G12: =IF(VLOOKUP($A12,Sheet1!$A:$AA,MATCH(G$1,Sheet1!$A$1:$AA$1,0),FALSE)=0,"",VLOOKUP($A12,Sheet1!$A:$AA,MATCH(G$1,Sheet1!$A$1:$AA$1,0),FALSE)) | H12: =IF(VLOOKUP($A12,Sheet1!$A:$AA,MATCH(H$1,Sheet1!$A$1:$AA$1,0),FALSE)=0,"",VLOOKUP($A12,Sheet1!$A:$AA,MATCH(H$1,Sheet1!$A$1:$AA$1,0),FALSE)) | I12: =IF(VLOOKUP($A12,Sheet1!$A:$AA,MATCH(I$1,Sheet1!$A$1:$AA$1,0),FALSE)=0,"",VLOOKUP($A12,Sheet1!$A:$AA,MATCH(I$1,Sheet1!$A$1:$AA$1,0),FALSE)) | ... AA12: =IF(VLOOKUP($A12,Sheet1!$A:$AA,MATCH(AA$1,Sheet1!$A$1:$AA$1,0),FALSE)=0,"",VLOOKUP($A12,Sheet1!$A:$AA,MATCH(AA$1,Sheet1!$A$1:$AA$1,0),FALSE)) -> 42
A13: 10768929 | B13: =IF(VLOOKUP($A13,Sheet1!$A:$AA,MATCH(B$1,Sheet1!$A$1:$AA$1,0),FALSE)=0,"",VLOOKUP($A13,Sheet1!$A:$AA,MATCH(B$1,Sheet1!$A$1:$AA$1,0),FALSE)) -> Vega Gutierrez, Daniel | C13: =IF(VLOOKUP($A13,Sheet1!$A:$AA,MATCH(C$1,Sheet1!$A$1:$AA$1,0),FALSE)=0,"",VLOOKUP($A13,Sheet1!$A:$AA,MATCH(C$1,Sheet1!$A$1:$AA$1,0),FALSE)) -> Vega Gutierrez | D13: =IF(VLOOKUP($A13,Sheet1!$A:$AA,MATCH(D$1,Sheet1!$A$1:$AA$1,0),FALSE)=0,"",VLOOKUP($A13,Sheet1!$A:$AA,MATCH(D$1,Sheet1!$A$1:$AA$1,0),FALSE)) -> Daniel | E13: =IF(VLOOKUP($A13,Sheet1!$A:$AA,MATCH(E$1,Sheet1!$A$1:$AA$1,0),FALSE)=0,"",VLOOKUP($A13,Sheet1!$A:$AA,MATCH(E$1,Sheet1!$A$1:$AA$1,0),FALSE)) -> Daniel Vega Gutierrez | F13: =IF(VLOOKUP($A13,Sheet1!$A:$AA,MATCH(F$1,Sheet1!$A$1:$AA$1,0),FALSE)=0,"",VLOOKUP($A13,Sheet1!$A:$AA,MATCH(F$1,Sheet1!$A$1:$AA$1,0),FALSE)) | G13: =IF(VLOOKUP($A13,Sheet1!$A:$AA,MATCH(G$1,Sheet1!$A$1:$AA$1,0),FALSE)=0,"",VLOOKUP($A13,Sheet1!$A:$AA,MATCH(G$1,Sheet1!$A$1:$AA$1,0),FALSE)) | H13: =IF(VLOOKUP($A13,Sheet1!$A:$AA,MATCH(H$1,Sheet1!$A$1:$AA$1,0),FALSE)=0,"",VLOOKUP($A13,Sheet1!$A:$AA,MATCH(H$1,Sheet1!$A$1:$AA$1,0),FALSE)) | I13: =IF(VLOOKUP($A13,Sheet1!$A:$AA,MATCH(I$1,Sheet1!$A$1:$AA$1,0),FALSE)=0,"",VLOOKUP($A13,Sheet1!$A:$AA,MATCH(I$1,Sheet1!$A$1:$AA$1,0),FALSE)) | ... AA13: =IF(VLOOKUP($A13,Sheet1!$A:$AA,MATCH(AA$1,Sheet1!$A$1:$AA$1,0),FALSE)=0,"",VLOOKUP($A13,Sheet1!$A:$AA,MATCH(AA$1,Sheet1!$A$1:$AA$1,0),FALSE))
... A80: 10574095 | B80: =IF(VLOOKUP($A80,Sheet1!$A:$AA,MATCH(B$1,Sheet1!$A$1:$AA$1,0),FALSE)=0,"",VLOOKUP($A80,Sheet1!$A:$AA,MATCH(B$1,Sheet1!$A$1:$AA$1,0),FALSE)) -> Bilbao Areitio, Beatriz | C80: =IF(VLOOKUP($A80,Sheet1!$A:$AA,MATCH(C$1,Sheet1!$A$1:$AA$1,0),FALSE)=0,"",VLOOKUP($A80,Sheet1!$A:$AA,MATCH(C$1,Sheet1!$A$1:$AA$1,0),FALSE)) -> Bilbao Areitio | D80: =IF(VLOOKUP($A80,Sheet1!$A:$AA,MATCH(D$1,Sheet1!$A$1:$AA$1,0),FALSE)=0,"",VLOOKUP($A80,Sheet1!$A:$AA,MATCH(D$1,Sheet1!$A$1:$AA$1,0),FALSE)) -> Beatriz | E80: =IF(VLOOKUP($A80,Sheet1!$A:$AA,MATCH(E$1,Sheet1!$A$1:$AA$1,0),FALSE)=0,"",VLOOKUP($A80,Sheet1!$A:$AA,MATCH(E$1,Sheet1!$A$1:$AA$1,0),FALSE)) -> Beatriz Bilbao Areitio | F80: =IF(VLOOKUP($A80,Sheet1!$A:$AA,MATCH(F$1,Sheet1!$A$1:$AA$1,0),FALSE)=0,"",VLOOKUP($A80,Sheet1!$A:$AA,MATCH(F$1,Sheet1!$A$1:$AA$1,0),FALSE)) | G80: =IF(VLOOKUP($A80,Sheet1!$A:$AA,MATCH(G$1,Sheet1!$A$1:$AA$1,0),FALSE)=0,"",VLOOKUP($A80,Sheet1!$A:$AA,MATCH(G$1,Sheet1!$A$1:$AA$1,0),FALSE)) | H80: =IF(VLOOKUP($A80,Sheet1!$A:$AA,MATCH(H$1,Sheet1!$A$1:$AA$1,0),FALSE)=0,"",VLOOKUP($A80,Sheet1!$A:$AA,MATCH(H$1,Sheet1!$A$1:$AA$1,0),FALSE)) | I80: =IF(VLOOKUP($A80,Sheet1!$A:$AA,MATCH(I$1,Sheet1!$A$1:$AA$1,0),FALSE)=0,"",VLOOKUP($A80,Sheet1!$A:$AA,MATCH(I$1,Sheet1!$A$1:$AA$1,0),FALSE)) | ... AA80: =IF(VLOOKUP($A80,Sheet1!$A:$AA,MATCH(AA$1,Sheet1!$A$1:$AA$1,0),FALSE)=0,"",VLOOKUP($A80,Sheet1!$A:$AA,MATCH(AA$1,Sheet1!$A$1:$AA$1,0),FALSE)) -> 28
